file,status,source,ultima_modificacion
AI_Manifest.json,DETECTADO,crawl_audit_2025_08_02.json,
crawl_audit_2025_08_02.json,DETECTADO,crawl_audit_2025_08_02.json,
db/checkpoints_table.sql,DETECTADO,crawl_audit_2025_08_02.json,
intelgen_risk.json,DETECTADO,crawl_audit_2025_08_02.json,
private/infra/ai/AI_Manifest.json,DETECTADO,crawl_audit_2025_08_02.json,
private/infra/ai/manifest/ZDU_AI_MANIFEST.json,DETECTADO,crawl_audit_2025_08_02.json,
private/infra/assets/qma360/QMA360_Manifest.json,DETECTADO,crawl_audit_2025_08_02.json,
private/infra/assets/qma360/estructura_qma360.json,DETECTADO,crawl_audit_2025_08_02.json,
private/infra/assets/qma360/estructura_qma360.sql,DETECTADO,crawl_audit_2025_08_02.json,
private/infra/assets/qma360/manifest_qma360.json,DETECTADO,crawl_audit_2025_08_02.json,
private/infra/auth/jwt/clerk_supabase_jwks.json,DETECTADO,crawl_audit_2025_08_02.json,
private/infra/checkpoints/checkpoint_manifest.json,DETECTADO,crawl_audit_2025_08_02.json,
private/infra/checkpoints/checkpoint_supabase_structure_2025-08-02.json,DETECTADO,crawl_audit_2025_08_02.json,
private/infra/checkpoints/package-lock.json,DETECTADO,crawl_audit_2025_08_02.json,
private/infra/checkpoints/package.json,DETECTADO,crawl_audit_2025_08_02.json,
private/infra/scripts/audits/data/processed_campaigns.json,DETECTADO,crawl_audit_2025_08_02.json,
private/infra/scripts/audits/modules/bitacoras/processed_campaigns.json,DETECTADO,crawl_audit_2025_08_02.json,
private/infra/scripts/audits/modules/logs/repo_json_audit_data.json,DETECTADO,crawl_audit_2025_08_02.json,
private/infra/scripts/audits/modules/supabase_table_index.json,DETECTADO,crawl_audit_2025_08_02.json,
private/infra/scripts/crawlers/Crawler_Manifest.json,DETECTADO,crawl_audit_2025_08_02.json,
private/infra/scripts/crawlers/manifest.crawler.json,DETECTADO,crawl_audit_2025_08_02.json,
private/infra/scripts/data/logs/campaign_1aaae783-d8b2-4d29-9bb6-059008b243a8.json,DETECTADO,crawl_audit_2025_08_02.json,
private/infra/scripts/data/logs/campaign_83234bd7-6c4b-4587-bd9a-fa8397d128bf.json,DETECTADO,crawl_audit_2025_08_02.json,
private/infra/scripts/data/logs/campaign_b635e2b7-5403-41c3-af75-a6f1ff1a032c.json,DETECTADO,crawl_audit_2025_08_02.json,
private/infra/scripts/data/logs/campaign_f40db8b5-2d61-4a94-a27b-0e1f3b0b68af.json,DETECTADO,crawl_audit_2025_08_02.json,
private/infra/scripts/data/logs/repo_json_audit_data.json,DETECTADO,crawl_audit_2025_08_02.json,
private/infra/scripts/logs/repo_json_audit_data.json,DETECTADO,crawl_audit_2025_08_02.json,
private/infra/sql/auditoria/structure_snapshots/snapshot_supabase_structure_2025-08-02.csv,DETECTADO,crawl_audit_2025_08_02.json,
private/infra/sql/auditoria/supabase_structure_audit.sql,DETECTADO,crawl_audit_2025_08_02.json,
private/infra/sql/estructura_qma360_inserts.sql,DETECTADO,crawl_audit_2025_08_02.json,
private/infra/sql/supabase_qma360_estructura.sql,DETECTADO,crawl_audit_2025_08_02.json,
private/inteligen/intelgen-risk-checkpoint.json,DETECTADO,crawl_audit_2025_08_02.json,
private/logs/historic/crawl_audit_2025_08_02_FULL_BASELINE.json,DETECTADO,crawl_audit_2025_08_02.json,
private/logs/repo_json_audit_data.json,DETECTADO,crawl_audit_2025_08_02.json,
zdu-campanas/campaign_1aaae783-d8b2-4d29-9bb6-059008b243a8.json,DETECTADO,crawl_audit_2025_08_02.json,
zdu-campanas/campaign_83234bd7-6c4b-4587-bd9a-fa8397d128bf.json,DETECTADO,crawl_audit_2025_08_02.json,
zdu-campanas/campaign_b635e2b7-5403-41c3-af75-a6f1ff1a032c.json,DETECTADO,crawl_audit_2025_08_02.json,
zdu-campanas/campaign_f40db8b5-2d61-4a94-a27b-0e1f3b0b68af.json,DETECTADO,crawl_audit_2025_08_02.json,
zdu-narrativa-app/logs/crawl_audit_2025_08_02.json,DETECTADO,crawl_audit_2025_08_02.json,
zdu-storage/blob-inventory/blobs_zdu-campanas.json,DETECTADO,crawl_audit_2025_08_02.json,
logs/repo_json_audit_data.json,VALIDO,repo_json_audit_data.json,2025-07-31T20:37:06.781Z
node_modules/.package-lock.json,VALIDO,repo_json_audit_data.json,2025-07-31T06:45:27.960Z
node_modules/@clerk/backend/node_modules/@types/node/package.json,VALIDO,repo_json_audit_data.json,2025-07-29T13:51:48.179Z
node_modules/@clerk/backend/node_modules/cookie/package.json,VALIDO,repo_json_audit_data.json,2025-07-29T13:51:48.086Z
node_modules/@clerk/backend/node_modules/snakecase-keys/package.json,VALIDO,repo_json_audit_data.json,2025-07-29T13:51:48.081Z
node_modules/@clerk/backend/package.json,VALIDO,repo_json_audit_data.json,2025-07-29T13:51:48.316Z
node_modules/@clerk/clerk-sdk-node/package.json,VALIDO,repo_json_audit_data.json,2025-07-29T13:51:48.333Z
node_modules/@clerk/shared/browser/package.json,VALIDO,repo_json_audit_data.json,2025-07-29T13:51:48.241Z
node_modules/@clerk/shared/callWithRetry/package.json,VALIDO,repo_json_audit_data.json,2025-07-29T13:51:48.241Z
node_modules/@clerk/shared/color/package.json,VALIDO,repo_json_audit_data.json,2025-07-29T13:51:48.241Z
node_modules/@clerk/shared/cookie/package.json,VALIDO,repo_json_audit_data.json,2025-07-29T13:51:48.242Z
node_modules/@clerk/shared/date/package.json,VALIDO,repo_json_audit_data.json,2025-07-29T13:51:48.242Z
node_modules/@clerk/shared/deprecated/package.json,VALIDO,repo_json_audit_data.json,2025-07-29T13:51:48.242Z
node_modules/@clerk/shared/devBrowser/package.json,VALIDO,repo_json_audit_data.json,2025-07-29T13:51:48.242Z
node_modules/@clerk/shared/error/package.json,VALIDO,repo_json_audit_data.json,2025-07-29T13:51:48.243Z
node_modules/@clerk/shared/file/package.json,VALIDO,repo_json_audit_data.json,2025-07-29T13:51:48.243Z
node_modules/@clerk/shared/globs/package.json,VALIDO,repo_json_audit_data.json,2025-07-29T13:51:48.243Z
node_modules/@clerk/shared/handleValueOrFn/package.json,VALIDO,repo_json_audit_data.json,2025-07-29T13:51:48.243Z
node_modules/@clerk/shared/isomorphicAtob/package.json,VALIDO,repo_json_audit_data.json,2025-07-29T13:51:48.243Z
node_modules/@clerk/shared/keys/package.json,VALIDO,repo_json_audit_data.json,2025-07-29T13:51:48.243Z
node_modules/@clerk/shared/loadScript/package.json,VALIDO,repo_json_audit_data.json,2025-07-29T13:51:48.244Z
node_modules/@clerk/shared/localStorageBroadcastChannel/package.json,VALIDO,repo_json_audit_data.json,2025-07-29T13:51:48.244Z
node_modules/@clerk/shared/package.json,VALIDO,repo_json_audit_data.json,2025-07-29T13:51:48.244Z
node_modules/@clerk/shared/poller/package.json,VALIDO,repo_json_audit_data.json,2025-07-29T13:51:48.244Z
node_modules/@clerk/shared/proxy/package.json,VALIDO,repo_json_audit_data.json,2025-07-29T13:51:48.244Z
node_modules/@clerk/shared/react/package.json,VALIDO,repo_json_audit_data.json,2025-07-29T13:51:48.244Z
node_modules/@clerk/shared/underscore/package.json,VALIDO,repo_json_audit_data.json,2025-07-29T13:51:48.245Z
node_modules/@clerk/shared/url/package.json,VALIDO,repo_json_audit_data.json,2025-07-29T13:51:48.245Z
node_modules/@clerk/types/package.json,VALIDO,repo_json_audit_data.json,2025-07-29T13:51:48.362Z
node_modules/@peculiar/asn1-schema/node_modules/tslib/modules/package.json,VALIDO,repo_json_audit_data.json,2025-07-29T13:51:47.771Z
node_modules/@peculiar/asn1-schema/node_modules/tslib/package.json,VALIDO,repo_json_audit_data.json,2025-07-29T13:51:47.771Z
node_modules/@peculiar/asn1-schema/package.json,VALIDO,repo_json_audit_data.json,2025-07-29T13:51:47.984Z
node_modules/@peculiar/json-schema/package.json,VALIDO,repo_json_audit_data.json,2025-07-29T13:51:48.048Z
node_modules/@peculiar/webcrypto/package.json,VALIDO,repo_json_audit_data.json,2025-07-29T13:51:48.053Z
node_modules/@supabase/auth-js/package.json,VALIDO,repo_json_audit_data.json,2025-07-28T14:54:22.455Z
node_modules/@supabase/functions-js/package.json,VALIDO,repo_json_audit_data.json,2025-07-28T14:54:22.463Z
node_modules/@supabase/node-fetch/package.json,VALIDO,repo_json_audit_data.json,2025-07-28T14:54:22.466Z
node_modules/@supabase/postgrest-js/package.json,VALIDO,repo_json_audit_data.json,2025-07-28T14:54:22.487Z
node_modules/@supabase/realtime-js/package.json,VALIDO,repo_json_audit_data.json,2025-07-28T14:54:22.501Z
node_modules/@supabase/storage-js/package.json,VALIDO,repo_json_audit_data.json,2025-07-28T14:54:22.513Z
node_modules/@supabase/supabase-js/package.json,VALIDO,repo_json_audit_data.json,2025-07-28T14:54:22.522Z
node_modules/@types/body-parser/package.json,VALIDO,repo_json_audit_data.json,2025-07-29T13:51:47.927Z
node_modules/@types/connect/package.json,VALIDO,repo_json_audit_data.json,2025-07-29T13:51:47.927Z
node_modules/@types/cookies/package.json,VALIDO,repo_json_audit_data.json,2025-07-29T13:51:48.158Z
node_modules/@types/express-serve-static-core/package.json,VALIDO,repo_json_audit_data.json,2025-07-29T13:51:47.983Z
node_modules/@types/express/package.json,VALIDO,repo_json_audit_data.json,2025-07-29T13:51:48.103Z
node_modules/@types/http-errors/package.json,VALIDO,repo_json_audit_data.json,2025-07-29T13:51:47.860Z
node_modules/@types/keygrip/package.json,VALIDO,repo_json_audit_data.json,2025-07-29T13:51:47.973Z
node_modules/@types/mime/package.json,VALIDO,repo_json_audit_data.json,2025-07-29T13:51:47.860Z
node_modules/@types/node-fetch/package.json,VALIDO,repo_json_audit_data.json,2025-07-29T13:51:48.104Z
node_modules/@types/node/package.json,VALIDO,repo_json_audit_data.json,2025-07-28T14:54:22.533Z
node_modules/@types/phoenix/package.json,VALIDO,repo_json_audit_data.json,2025-07-28T14:54:22.541Z
node_modules/@types/qs/package.json,VALIDO,repo_json_audit_data.json,2025-07-29T13:51:47.868Z
node_modules/@types/range-parser/package.json,VALIDO,repo_json_audit_data.json,2025-07-29T13:51:47.868Z
node_modules/@types/send/package.json,VALIDO,repo_json_audit_data.json,2025-07-29T13:51:47.869Z
node_modules/@types/serve-static/package.json,VALIDO,repo_json_audit_data.json,2025-07-29T13:51:47.860Z
node_modules/@types/ws/package.json,VALIDO,repo_json_audit_data.json,2025-07-28T14:54:22.542Z
node_modules/accepts/package.json,VALIDO,repo_json_audit_data.json,2025-07-28T15:41:51.608Z
node_modules/array-flatten/package.json,VALIDO,repo_json_audit_data.json,2025-07-28T15:41:51.601Z
node_modules/asn1js/node_modules/tslib/modules/package.json,VALIDO,repo_json_audit_data.json,2025-07-29T13:51:47.771Z
node_modules/asn1js/node_modules/tslib/package.json,VALIDO,repo_json_audit_data.json,2025-07-29T13:51:47.771Z
node_modules/asn1js/package.json,VALIDO,repo_json_audit_data.json,2025-07-29T13:51:47.927Z
node_modules/asynckit/package.json,VALIDO,repo_json_audit_data.json,2025-07-29T13:51:47.826Z
node_modules/body-parser/package.json,VALIDO,repo_json_audit_data.json,2025-07-28T15:41:51.606Z
node_modules/bytes/package.json,VALIDO,repo_json_audit_data.json,2025-07-28T15:41:51.275Z
node_modules/call-bind-apply-helpers/package.json,VALIDO,repo_json_audit_data.json,2025-07-28T15:41:51.094Z
node_modules/call-bind-apply-helpers/tsconfig.json,ERROR DE PARSEO,repo_json_audit_data.json,2025-07-28T15:41:51.094Z
node_modules/call-bound/package.json,VALIDO,repo_json_audit_data.json,2025-07-28T15:41:51.276Z
node_modules/call-bound/tsconfig.json,ERROR DE PARSEO,repo_json_audit_data.json,2025-07-28T15:41:51.276Z
node_modules/camelcase-keys/package.json,VALIDO,repo_json_audit_data.json,2025-07-29T13:51:48.052Z
node_modules/camelcase/package.json,VALIDO,repo_json_audit_data.json,2025-07-29T13:51:47.851Z
node_modules/combined-stream/package.json,VALIDO,repo_json_audit_data.json,2025-07-29T13:51:47.838Z
node_modules/content-disposition/package.json,VALIDO,repo_json_audit_data.json,2025-07-28T15:41:51.599Z
node_modules/content-type/package.json,VALIDO,repo_json_audit_data.json,2025-07-28T15:41:51.612Z
node_modules/cookie-signature/package.json,VALIDO,repo_json_audit_data.json,2025-07-28T15:41:51.596Z
node_modules/cookie/package.json,VALIDO,repo_json_audit_data.json,2025-07-28T15:41:51.608Z
node_modules/csstype/package.json,VALIDO,repo_json_audit_data.json,2025-07-29T13:51:47.949Z
node_modules/data-uri-to-buffer/package.json,VALIDO,repo_json_audit_data.json,2025-07-28T14:54:22.542Z
node_modules/debug/component.json,VALIDO,repo_json_audit_data.json,2025-07-28T15:41:51.566Z
node_modules/debug/package.json,VALIDO,repo_json_audit_data.json,2025-07-28T15:41:51.562Z
node_modules/deepmerge/package.json,VALIDO,repo_json_audit_data.json,2025-07-29T13:51:48.047Z
node_modules/delayed-stream/package.json,VALIDO,repo_json_audit_data.json,2025-07-29T13:51:47.790Z
node_modules/depd/package.json,VALIDO,repo_json_audit_data.json,2025-07-28T15:41:51.494Z
node_modules/destroy/package.json,VALIDO,repo_json_audit_data.json,2025-07-28T15:41:51.222Z
node_modules/dot-case/package.json,VALIDO,repo_json_audit_data.json,2025-07-29T13:51:47.792Z
node_modules/dotenv/package.json,VALIDO,repo_json_audit_data.json,2025-07-28T14:54:22.544Z
node_modules/dunder-proto/package.json,VALIDO,repo_json_audit_data.json,2025-07-28T15:41:51.069Z
node_modules/dunder-proto/tsconfig.json,ERROR DE PARSEO,repo_json_audit_data.json,2025-07-28T15:41:51.069Z
node_modules/ee-first/package.json,VALIDO,repo_json_audit_data.json,2025-07-28T15:41:51.201Z
node_modules/encodeurl/package.json,VALIDO,repo_json_audit_data.json,2025-07-28T15:41:51.564Z
node_modules/es-define-property/package.json,VALIDO,repo_json_audit_data.json,2025-07-28T15:41:51.093Z
node_modules/es-define-property/tsconfig.json,ERROR DE PARSEO,repo_json_audit_data.json,2025-07-28T15:41:51.093Z
node_modules/es-errors/package.json,VALIDO,repo_json_audit_data.json,2025-07-28T15:41:51.192Z
node_modules/es-errors/tsconfig.json,ERROR DE PARSEO,repo_json_audit_data.json,2025-07-28T15:41:51.192Z
node_modules/es-object-atoms/package.json,VALIDO,repo_json_audit_data.json,2025-07-28T15:41:51.087Z
node_modules/es-object-atoms/tsconfig.json,ERROR DE PARSEO,repo_json_audit_data.json,2025-07-28T15:41:51.087Z
node_modules/es-set-tostringtag/package.json,VALIDO,repo_json_audit_data.json,2025-07-29T13:51:47.791Z
node_modules/es-set-tostringtag/tsconfig.json,ERROR DE PARSEO,repo_json_audit_data.json,2025-07-29T13:51:47.791Z
node_modules/escape-html/package.json,VALIDO,repo_json_audit_data.json,2025-07-28T15:41:51.499Z
node_modules/etag/package.json,VALIDO,repo_json_audit_data.json,2025-07-28T15:41:51.494Z
node_modules/express/package.json,VALIDO,repo_json_audit_data.json,2025-07-28T15:41:51.611Z
node_modules/fetch-blob/package.json,VALIDO,repo_json_audit_data.json,2025-07-28T14:54:22.545Z
node_modules/finalhandler/package.json,VALIDO,repo_json_audit_data.json,2025-07-28T15:41:51.500Z
node_modules/form-data/package.json,VALIDO,repo_json_audit_data.json,2025-07-29T13:51:47.846Z
node_modules/formdata-polyfill/package.json,VALIDO,repo_json_audit_data.json,2025-07-28T14:54:22.547Z
node_modules/forwarded/package.json,VALIDO,repo_json_audit_data.json,2025-07-28T15:41:51.191Z
node_modules/fresh/package.json,VALIDO,repo_json_audit_data.json,2025-07-28T15:41:51.465Z
node_modules/function-bind/package.json,VALIDO,repo_json_audit_data.json,2025-07-28T15:41:51.087Z
node_modules/get-intrinsic/package.json,VALIDO,repo_json_audit_data.json,2025-07-28T15:41:51.079Z
node_modules/get-proto/package.json,VALIDO,repo_json_audit_data.json,2025-07-28T15:41:51.090Z
node_modules/get-proto/tsconfig.json,ERROR DE PARSEO,repo_json_audit_data.json,2025-07-28T15:41:51.091Z
node_modules/glob-to-regexp/package.json,VALIDO,repo_json_audit_data.json,2025-07-29T13:51:47.929Z
node_modules/gopd/package.json,VALIDO,repo_json_audit_data.json,2025-07-28T15:41:51.093Z
node_modules/gopd/tsconfig.json,ERROR DE PARSEO,repo_json_audit_data.json,2025-07-28T15:41:51.093Z
node_modules/has-symbols/package.json,VALIDO,repo_json_audit_data.json,2025-07-28T15:41:51.095Z
node_modules/has-symbols/tsconfig.json,ERROR DE PARSEO,repo_json_audit_data.json,2025-07-28T15:41:51.095Z
node_modules/has-tostringtag/package.json,VALIDO,repo_json_audit_data.json,2025-07-29T13:51:47.856Z
node_modules/has-tostringtag/tsconfig.json,ERROR DE PARSEO,repo_json_audit_data.json,2025-07-29T13:51:47.856Z
node_modules/hasown/package.json,VALIDO,repo_json_audit_data.json,2025-07-28T15:41:51.086Z
node_modules/hasown/tsconfig.json,ERROR DE PARSEO,repo_json_audit_data.json,2025-07-28T15:41:51.086Z
node_modules/http-errors/package.json,VALIDO,repo_json_audit_data.json,2025-07-28T15:41:51.487Z
node_modules/iconv-lite/encodings/tables/big5-added.json,VALIDO,repo_json_audit_data.json,2025-07-28T15:41:51.248Z
node_modules/iconv-lite/encodings/tables/cp936.json,VALIDO,repo_json_audit_data.json,2025-07-28T15:41:51.252Z
node_modules/iconv-lite/encodings/tables/cp949.json,VALIDO,repo_json_audit_data.json,2025-07-28T15:41:51.267Z
node_modules/iconv-lite/encodings/tables/cp950.json,VALIDO,repo_json_audit_data.json,2025-07-28T15:41:51.357Z
node_modules/iconv-lite/encodings/tables/eucjp.json,VALIDO,repo_json_audit_data.json,2025-07-28T15:41:51.376Z
node_modules/iconv-lite/encodings/tables/gb18030-ranges.json,VALIDO,repo_json_audit_data.json,2025-07-28T15:41:51.376Z
node_modules/iconv-lite/encodings/tables/gbk-added.json,VALIDO,repo_json_audit_data.json,2025-07-28T15:41:51.376Z
node_modules/iconv-lite/encodings/tables/shiftjis.json,VALIDO,repo_json_audit_data.json,2025-07-28T15:41:51.394Z
node_modules/iconv-lite/package.json,VALIDO,repo_json_audit_data.json,2025-07-28T15:41:51.240Z
node_modules/inherits/package.json,VALIDO,repo_json_audit_data.json,2025-07-28T15:41:51.207Z
node_modules/ipaddr.js/package.json,VALIDO,repo_json_audit_data.json,2025-07-28T15:41:51.189Z
node_modules/isows/_cjs/package.json,VALIDO,repo_json_audit_data.json,2025-07-28T14:54:22.547Z
node_modules/isows/_esm/package.json,VALIDO,repo_json_audit_data.json,2025-07-28T14:54:22.548Z
node_modules/isows/package.json,VALIDO,repo_json_audit_data.json,2025-07-28T14:54:22.549Z
node_modules/js-cookie/package.json,VALIDO,repo_json_audit_data.json,2025-07-29T13:51:47.964Z
node_modules/js-tokens/package.json,VALIDO,repo_json_audit_data.json,2025-07-29T13:51:47.791Z
node_modules/loose-envify/package.json,VALIDO,repo_json_audit_data.json,2025-07-29T13:51:47.859Z
node_modules/lower-case/package.json,VALIDO,repo_json_audit_data.json,2025-07-29T13:51:47.779Z
node_modules/map-obj/package.json,VALIDO,repo_json_audit_data.json,2025-07-29T13:51:47.851Z
node_modules/math-intrinsics/package.json,VALIDO,repo_json_audit_data.json,2025-07-28T15:41:51.095Z
node_modules/math-intrinsics/tsconfig.json,ERROR DE PARSEO,repo_json_audit_data.json,2025-07-28T15:41:51.096Z
node_modules/media-typer/package.json,VALIDO,repo_json_audit_data.json,2025-07-28T15:41:51.065Z
node_modules/merge-descriptors/package.json,VALIDO,repo_json_audit_data.json,2025-07-28T15:41:51.487Z
node_modules/methods/package.json,VALIDO,repo_json_audit_data.json,2025-07-28T15:41:51.487Z
node_modules/mime-db/db.json,VALIDO,repo_json_audit_data.json,2025-07-28T15:41:51.276Z
node_modules/mime-db/package.json,VALIDO,repo_json_audit_data.json,2025-07-28T15:41:51.276Z
node_modules/mime-types/package.json,VALIDO,repo_json_audit_data.json,2025-07-28T15:41:51.297Z
node_modules/mime/package.json,VALIDO,repo_json_audit_data.json,2025-07-28T15:41:51.178Z
node_modules/mime/types.json,VALIDO,repo_json_audit_data.json,2025-07-28T15:41:51.191Z
node_modules/ms/package.json,VALIDO,repo_json_audit_data.json,2025-07-28T15:41:51.340Z
node_modules/negotiator/package.json,VALIDO,repo_json_audit_data.json,2025-07-28T15:41:51.250Z
node_modules/no-case/package.json,VALIDO,repo_json_audit_data.json,2025-07-29T13:51:47.805Z
node_modules/node-domexception/.history/package_20210527203733.json,VALIDO,repo_json_audit_data.json,2025-07-28T14:54:22.552Z
node_modules/node-domexception/.history/package_20210527203825.json,VALIDO,repo_json_audit_data.json,2025-07-28T14:54:22.552Z
node_modules/node-domexception/.history/package_20210527204621.json,VALIDO,repo_json_audit_data.json,2025-07-28T14:54:22.552Z
node_modules/node-domexception/.history/package_20210527204913.json,VALIDO,repo_json_audit_data.json,2025-07-28T14:54:22.553Z
node_modules/node-domexception/.history/package_20210527204925.json,VALIDO,repo_json_audit_data.json,2025-07-28T14:54:22.553Z
node_modules/node-domexception/.history/package_20210527205145.json,VALIDO,repo_json_audit_data.json,2025-07-28T14:54:22.553Z
node_modules/node-domexception/.history/package_20210527205156.json,VALIDO,repo_json_audit_data.json,2025-07-28T14:54:22.553Z
node_modules/node-domexception/package.json,VALIDO,repo_json_audit_data.json,2025-07-28T14:54:22.553Z
node_modules/node-fetch-native/package.json,VALIDO,repo_json_audit_data.json,2025-07-29T13:51:48.034Z
node_modules/node-fetch/package.json,VALIDO,repo_json_audit_data.json,2025-07-28T14:54:22.554Z
node_modules/object-inspect/package-support.json,VALIDO,repo_json_audit_data.json,2025-07-28T15:41:51.177Z
node_modules/object-inspect/package.json,VALIDO,repo_json_audit_data.json,2025-07-28T15:41:51.177Z
node_modules/on-finished/package.json,VALIDO,repo_json_audit_data.json,2025-07-28T15:41:51.439Z
node_modules/parseurl/package.json,VALIDO,repo_json_audit_data.json,2025-07-28T15:41:51.487Z
node_modules/path-to-regexp/package.json,VALIDO,repo_json_audit_data.json,2025-07-28T15:41:51.438Z
node_modules/proxy-addr/package.json,VALIDO,repo_json_audit_data.json,2025-07-28T15:41:51.423Z
node_modules/pvtsutils/node_modules/tslib/modules/package.json,VALIDO,repo_json_audit_data.json,2025-07-29T13:51:47.771Z
node_modules/pvtsutils/node_modules/tslib/package.json,VALIDO,repo_json_audit_data.json,2025-07-29T13:51:47.771Z
node_modules/pvtsutils/package.json,VALIDO,repo_json_audit_data.json,2025-07-29T13:51:47.929Z
node_modules/pvutils/package.json,VALIDO,repo_json_audit_data.json,2025-07-29T13:51:47.837Z
node_modules/qs/package.json,VALIDO,repo_json_audit_data.json,2025-07-28T15:41:51.406Z
node_modules/quick-lru/package.json,VALIDO,repo_json_audit_data.json,2025-07-29T13:51:47.851Z
node_modules/range-parser/package.json,VALIDO,repo_json_audit_data.json,2025-07-28T15:41:51.422Z
node_modules/raw-body/package.json,VALIDO,repo_json_audit_data.json,2025-07-28T15:41:51.268Z
node_modules/react/package.json,VALIDO,repo_json_audit_data.json,2025-07-29T13:51:47.946Z
node_modules/safe-buffer/package.json,VALIDO,repo_json_audit_data.json,2025-07-28T15:41:51.438Z
node_modules/safer-buffer/package.json,VALIDO,repo_json_audit_data.json,2025-07-28T15:41:51.189Z
node_modules/send/node_modules/encodeurl/package.json,VALIDO,repo_json_audit_data.json,2025-07-28T15:41:51.606Z
node_modules/send/node_modules/ms/package.json,VALIDO,repo_json_audit_data.json,2025-07-28T15:41:51.052Z
node_modules/send/package.json,VALIDO,repo_json_audit_data.json,2025-07-28T15:41:51.340Z
node_modules/serve-static/package.json,VALIDO,repo_json_audit_data.json,2025-07-28T15:41:51.423Z
node_modules/setprototypeof/package.json,VALIDO,repo_json_audit_data.json,2025-07-28T15:41:51.344Z
node_modules/side-channel-list/package.json,VALIDO,repo_json_audit_data.json,2025-07-28T15:41:51.168Z
node_modules/side-channel-list/tsconfig.json,ERROR DE PARSEO,repo_json_audit_data.json,2025-07-28T15:41:51.168Z
node_modules/side-channel-map/package.json,VALIDO,repo_json_audit_data.json,2025-07-28T15:41:51.202Z
node_modules/side-channel-map/tsconfig.json,ERROR DE PARSEO,repo_json_audit_data.json,2025-07-28T15:41:51.202Z
node_modules/side-channel-weakmap/package.json,VALIDO,repo_json_audit_data.json,2025-07-28T15:41:51.276Z
node_modules/side-channel-weakmap/tsconfig.json,ERROR DE PARSEO,repo_json_audit_data.json,2025-07-28T15:41:51.276Z
node_modules/side-channel/package.json,VALIDO,repo_json_audit_data.json,2025-07-28T15:41:51.194Z
node_modules/side-channel/tsconfig.json,ERROR DE PARSEO,repo_json_audit_data.json,2025-07-28T15:41:51.194Z
node_modules/snake-case/package.json,VALIDO,repo_json_audit_data.json,2025-07-29T13:51:47.826Z
node_modules/snakecase-keys/package.json,VALIDO,repo_json_audit_data.json,2025-07-29T13:51:48.052Z
node_modules/statuses/codes.json,VALIDO,repo_json_audit_data.json,2025-07-28T15:41:51.388Z
node_modules/statuses/package.json,VALIDO,repo_json_audit_data.json,2025-07-28T15:41:51.388Z
node_modules/swr/_internal/package.json,VALIDO,repo_json_audit_data.json,2025-07-29T13:51:48.047Z
node_modules/swr/core/package.json,VALIDO,repo_json_audit_data.json,2025-07-29T13:51:48.047Z
node_modules/swr/immutable/package.json,VALIDO,repo_json_audit_data.json,2025-07-29T13:51:48.048Z
node_modules/swr/infinite/package.json,VALIDO,repo_json_audit_data.json,2025-07-29T13:51:48.048Z
node_modules/swr/mutation/package.json,VALIDO,repo_json_audit_data.json,2025-07-29T13:51:48.048Z
node_modules/swr/package.json,VALIDO,repo_json_audit_data.json,2025-07-29T13:51:48.048Z
node_modules/swr/subscription/package.json,VALIDO,repo_json_audit_data.json,2025-07-29T13:51:48.049Z
node_modules/to-no-case/package.json,VALIDO,repo_json_audit_data.json,2025-07-29T13:51:47.806Z
node_modules/to-snake-case/package.json,VALIDO,repo_json_audit_data.json,2025-07-29T13:51:47.806Z
node_modules/to-space-case/package.json,VALIDO,repo_json_audit_data.json,2025-07-29T13:51:47.789Z
node_modules/toidentifier/package.json,VALIDO,repo_json_audit_data.json,2025-07-28T15:41:51.190Z
node_modules/tr46/lib/mappingTable.json,VALIDO,repo_json_audit_data.json,2025-07-28T14:54:22.557Z
node_modules/tr46/package.json,VALIDO,repo_json_audit_data.json,2025-07-28T14:54:22.557Z
node_modules/tslib/modules/package.json,VALIDO,repo_json_audit_data.json,2025-07-29T13:51:48.024Z
node_modules/tslib/package.json,VALIDO,repo_json_audit_data.json,2025-07-29T13:51:48.024Z
node_modules/type-fest/package.json,VALIDO,repo_json_audit_data.json,2025-07-29T13:51:47.806Z
node_modules/type-is/package.json,VALIDO,repo_json_audit_data.json,2025-07-28T15:41:51.387Z
node_modules/undici-types/package.json,VALIDO,repo_json_audit_data.json,2025-07-28T14:54:22.561Z
node_modules/unpipe/package.json,VALIDO,repo_json_audit_data.json,2025-07-28T15:41:51.344Z
node_modules/use-sync-external-store/package.json,VALIDO,repo_json_audit_data.json,2025-07-29T13:51:47.793Z
node_modules/utils-merge/package.json,VALIDO,repo_json_audit_data.json,2025-07-28T15:41:51.333Z
node_modules/uuid/dist/cjs-browser/package.json,VALIDO,repo_json_audit_data.json,2025-07-28T22:33:23.170Z
node_modules/uuid/dist/cjs/package.json,VALIDO,repo_json_audit_data.json,2025-07-28T22:33:23.170Z
node_modules/uuid/package.json,VALIDO,repo_json_audit_data.json,2025-07-28T22:33:23.170Z
node_modules/vary/package.json,VALIDO,repo_json_audit_data.json,2025-07-28T15:41:51.274Z
node_modules/web-streams-polyfill/dist/types/tsdoc-metadata.json,ERROR DE PARSEO,repo_json_audit_data.json,2025-07-28T14:54:22.591Z
node_modules/web-streams-polyfill/es2018/package.json,VALIDO,repo_json_audit_data.json,2025-07-28T14:54:22.591Z
node_modules/web-streams-polyfill/es6/package.json,VALIDO,repo_json_audit_data.json,2025-07-28T14:54:22.592Z
node_modules/web-streams-polyfill/package.json,VALIDO,repo_json_audit_data.json,2025-07-28T14:54:22.592Z
node_modules/web-streams-polyfill/ponyfill/es2018/package.json,VALIDO,repo_json_audit_data.json,2025-07-28T14:54:22.592Z
node_modules/web-streams-polyfill/ponyfill/es6/package.json,VALIDO,repo_json_audit_data.json,2025-07-28T14:54:22.592Z
node_modules/web-streams-polyfill/ponyfill/package.json,VALIDO,repo_json_audit_data.json,2025-07-28T14:54:22.592Z
node_modules/webcrypto-core/node_modules/tslib/modules/package.json,VALIDO,repo_json_audit_data.json,2025-07-29T13:51:47.771Z
node_modules/webcrypto-core/node_modules/tslib/package.json,VALIDO,repo_json_audit_data.json,2025-07-29T13:51:47.771Z
node_modules/webcrypto-core/package.json,VALIDO,repo_json_audit_data.json,2025-07-29T13:51:47.911Z
node_modules/webidl-conversions/package.json,VALIDO,repo_json_audit_data.json,2025-07-28T14:54:22.593Z
node_modules/whatwg-url/package.json,VALIDO,repo_json_audit_data.json,2025-07-28T14:54:22.595Z
node_modules/ws/package.json,VALIDO,repo_json_audit_data.json,2025-07-28T14:54:22.599Z
private/infra/checkpoints/package-lock.json,VALIDO,repo_json_audit_data.json,2025-08-01T06:20:01.112Z
private/infra/checkpoints/package.json,VALIDO,repo_json_audit_data.json,2025-08-01T06:20:01.113Z
private/infra/scripts/audits/data/processed_campaigns.json,VALIDO,repo_json_audit_data.json,2025-07-28T23:51:10.000Z
private/infra/scripts/audits/modules/logs/repo_json_audit_data.json,VALIDO,repo_json_audit_data.json,2025-08-01T20:28:31.316Z
private/infra/scripts/audits/modules/supabase_table_index.json,VALIDO,repo_json_audit_data.json,2025-07-31T19:39:30.000Z
private/infra/scripts/data/logs/repo_json_audit_data.json,VALIDO,repo_json_audit_data.json,2025-08-01T20:25:23.336Z
private/infra/scripts/logs/repo_json_audit_data.json,VALIDO,repo_json_audit_data.json,2025-08-01T15:44:05.686Z
venv/lib/python3.12/site-packages/playwright/driver/package/api.json,VALIDO,repo_json_audit_data.json,2025-07-29T00:09:08.283Z
venv/lib/python3.12/site-packages/playwright/driver/package/browsers.json,VALIDO,repo_json_audit_data.json,2025-07-29T00:09:08.283Z
venv/lib/python3.12/site-packages/playwright/driver/package/lib/server/deviceDescriptorsSource.json,VALIDO,repo_json_audit_data.json,2025-07-29T00:09:08.295Z
venv/lib/python3.12/site-packages/playwright/driver/package/package.json,VALIDO,repo_json_audit_data.json,2025-07-29T00:09:08.284Z
zdu-campanas/campaign_1aaae783-d8b2-4d29-9bb6-059008b243a8.json,VALIDO,repo_json_audit_data.json,2025-07-28T22:50:57.102Z
zdu-campanas/campaign_83234bd7-6c4b-4587-bd9a-fa8397d128bf.json,VALIDO,repo_json_audit_data.json,2025-07-28T22:50:57.102Z
zdu-campanas/campaign_b635e2b7-5403-41c3-af75-a6f1ff1a032c.json,VALIDO,repo_json_audit_data.json,2025-07-28T22:50:57.102Z
zdu-campanas/campaign_f40db8b5-2d61-4a94-a27b-0e1f3b0b68af.json,VALIDO,repo_json_audit_data.json,2025-07-28T22:50:57.103Z
zdu-storage/blob-inventory/blobs_zdu-campanas.json,VALIDO,repo_json_audit_data.json,2025-07-28T21:54:11.986Z
